id,goal,title,priority,state,deps_ready,implementation,task_test,task_gate,integrated,system_proof,next
CC-01,capability-closure,Capability closure core,P0,SYSTEM_PROOF_WIRED,yes,yes,yes,yes,yes,yes,observe system proof execution
CC-01T,capability-closure,Capability closure trust hardening,P0,SYSTEM_PROOF_WIRED,yes,yes,yes,yes,yes,yes,observe system proof execution
CC-03,capability-closure,Workflow capability-gap resume,P0,SYSTEM_PROOF_WIRED,yes,yes,yes,yes,yes,yes,observe system proof execution
CC-03S,capability-closure,Product/API gap inspection and resume seam,P0,SYSTEM_PROOF_WIRED,yes,yes,yes,yes,yes,yes,observe system proof execution
CC-02,capability-closure,Generic compiled capability consumption,P0,SYSTEM_PROOF_WIRED,yes,yes,yes,yes,yes,yes,observe system proof execution
CC-04,capability-closure,Full capability-closure end-to-end proof,P0,SYSTEM_PROOF_WIRED,yes,yes,yes,yes,yes,yes,observe system proof execution
AY-C1,ay-closed-loop,Self state and truth projection,P0,SYSTEM_PROOF_WIRED,yes,yes,yes,yes,yes,yes,observe system proof execution
AY-C2A,ay-closed-loop,Incremental semantic and logic node index,P0,SYSTEM_PROOF_WIRED,yes,yes,yes,yes,yes,yes,observe system proof execution
AY-C2B,ay-closed-loop,Bounded node-context spider for complex gaps,P0,SYSTEM_PROOF_WIRED,yes,yes,yes,yes,yes,yes,observe system proof execution
AY-C3,ay-closed-loop,Resolver routes complex gaps to node context,P0,SYSTEM_PROOF_WIRED,yes,yes,yes,yes,yes,yes,observe system proof execution
AY-C4,ay-closed-loop,Crystallize repeated complex analysis into task scripts,P0,SYSTEM_PROOF_WIRED,yes,yes,yes,yes,yes,yes,observe system proof execution
AY-C5,ay-closed-loop,Close resolution into evidence state and cheaper reuse,P0,SYSTEM_PROOF_WIRED,yes,yes,yes,yes,yes,yes,observe system proof execution
AY-C6,ay-closed-loop,Post-cycle Spider assimilation via GitHub Actions,P0,SYSTEM_PROOF_WIRED,yes,yes,yes,yes,yes,yes,observe system proof execution
AY-C6H,ay-closed-loop,Post-cycle context integrity hardening,P0,COMPONENT_GATE_WIRED,yes,yes,yes,yes,no,yes,integrate
AY-C7,ay-closed-loop,Post-cycle next-work synthesis,P0,SYSTEM_PROOF_WIRED,yes,yes,yes,yes,yes,yes,observe system proof execution
AY-C8,ay-closed-loop,Development-cycle continuity dispatcher,P0,BLOCKED,no,yes,yes,yes,no,yes,wait for AY-C6H
SEC-OS1,security,Native OS secret storage provider,P1,READY,yes,no,no,no,no,no,implement
UI-CANVAS1,canvas-maintainability,Modularize local Canvas without behavior change,P1,READY,yes,no,no,no,no,no,implement
REPO-H1,repository-hygiene,Consolidate root demo and build entrypoints,P2,READY,yes,no,no,no,no,no,implement
TARGET-PS1,compiler-targets,Prove one native PowerShell compilation target,P2,READY,yes,no,no,no,no,no,implement
IMPORT-N8N1,interoperability,Experiment with n8n JSON to Automation IR import,P3,READY,yes,no,no,no,no,no,implement
